"CN","STAID","STANAME","LAT","LON","HGHT","latUpd","longUpd","LatLong","Country"
"BY",399,"MINSK                                   ","+53:52:12","+027:31:48",222,53.87,27.53,"53.87:27.53","Belarus"
"BY",410,"VASILEVICI                              ","+52:15:00","+029:49:59",142,52.25,29.8330555555556,"52.25:29.8330555555556","Belarus"
"BY",614,"VERKHNEDVINSK                           ","+55:49:12","+027:57:00",117,55.82,27.95,"55.82:27.95","Belarus"
"BY",615,"EZERISE                                 ","+55:48:00","+030:00:00",174,55.8,30,"55.8:30","Belarus"
"BY",616,"SARKOVSCIZNA                            ","+55:24:00","+027:30:00",131,55.4,27.5,"55.4:27.5","Belarus"
"BY",617,"LYNTUPY                                 ","+55:06:00","+026:18:00",209,55.1,26.3,"55.1:26.3","Belarus"
"BY",618,"NAROCH;OZERNAYA                         ","+54:54:00","+026:42:00",171,54.9,26.7,"54.9:26.7","Belarus"
"BY",619,"POLOCK                                  ","+55:30:00","+028:48:00",132,55.5,28.8,"55.5:28.8","Belarus"
"BY",620,"DOKSISY                                 ","+54:54:00","+027:48:00",193,54.9,27.8,"54.9:27.8","Belarus"
"BY",621,"LEPEL                                   ","+54:54:00","+028:42:00",174,54.9,28.7,"54.9:28.7","Belarus"
"BY",622,"VITEBSK                                 ","+55:10:12","+030:07:48",166,55.17,30.13,"55.17:30.13","Belarus"
"BY",623,"SENNO                                   ","+54:48:00","+029:42:00",173,54.8,29.7,"54.8:29.7","Belarus"
"BY",624,"OSMANY                                  ","+54:24:00","+025:54:00",209,54.4,25.9,"54.4:25.9","Belarus"
"BY",625,"VILEJKA                                 ","+54:30:00","+026:54:00",183,54.5,26.9,"54.5:26.9","Belarus"
"BY",626,"VOLOJIN                                 ","+54:06:00","+026:30:00",228,54.1,26.5,"54.1:26.5","Belarus"
"BY",627,"RADOSHKOVICHI                           ","+54:12:00","+027:18:00",198,54.2,27.3,"54.2:27.3","Belarus"
"BY",628,"BORISOV                                 ","+54:12:00","+028:30:00",184,54.2,28.5,"54.2:28.5","Belarus"
"BY",629,"ORSA                                    ","+54:30:00","+030:24:00",192,54.5,30.4,"54.5:30.4","Belarus"
"BY",630,"GORKI                                   ","+54:18:00","+030:58:48",200,54.3,30.98,"54.3:30.98","Belarus"
"BY",631,"GRODNO;AIRPORT                          ","+53:40:48","+023:49:48",117,53.68,23.83,"53.68:23.83","Belarus"
"BY",632,"LIDA                                    ","+53:54:00","+025:18:00",147,53.9,25.3,"53.9:25.3","Belarus"
"BY",633,"SHUCHIN                                 ","+53:36:00","+024:48:00",179,53.6,24.8,"53.6:24.8","Belarus"
"BY",634,"NOVOGRUDOK                              ","+53:36:00","+025:54:00",280,53.6,25.9,"53.6:25.9","Belarus"
"BY",635,"STOLBCY                                 ","+53:30:00","+026:42:00",173,53.5,26.7,"53.5:26.7","Belarus"
"BY",636,"BEREZINO                                ","+53:48:00","+028:54:00",169,53.8,28.9,"53.8:28.9","Belarus"
"BY",637,"MAR-INA GORKA                           ","+53:31:48","+028:07:12",175,53.53,28.12,"53.53:28.12","Belarus"
"BY",638,"MOGILEV;AMSG                            ","+53:54:00","+030:19:12",152,53.9,30.32,"53.9:30.32","Belarus"
"BY",639,"KLICHEV                                 ","+53:30:00","+029:18:00",158,53.5,29.3,"53.5:29.3","Belarus"
"BY",640,"SLAVGOROD                               ","+53:30:00","+031:00:00",170,53.5,31,"53.5:31","Belarus"
"BY",641,"KOSTUKOVICI                             ","+53:24:00","+032:06:00",167,53.4,32.1,"53.4:32.1","Belarus"
"BY",642,"VOLKOVISSK                              ","+53:12:00","+024:30:00",183,53.2,24.5,"53.2:24.5","Belarus"
"BY",643,"PRUJANY                                 ","+52:36:00","+024:30:00",164,52.6,24.5,"52.6:24.5","Belarus"
"BY",644,"IVACEVITCI                              ","+52:42:00","+025:24:00",156,52.7,25.4,"52.7:25.4","Belarus"
"BY",645,"BARANOVICI                              ","+53:06:00","+026:00:00",194,53.1,26,"53.1:26","Belarus"
"BY",646,"GANCEVICI                               ","+52:48:00","+026:30:00",160,52.8,26.5,"52.8:26.5","Belarus"
"BY",647,"OKTJBR                                  ","+52:36:00","+028:54:00",141,52.6,28.9,"52.6:28.9","Belarus"
"BY",648,"SLUCK                                   ","+53:00:00","+027:42:00",157,53,27.7,"53:27.7","Belarus"
"BY",649,"BOBRUJSK                                ","+53:06:00","+029:18:00",165,53.1,29.3,"53.1:29.3","Belarus"
"BY",650,"ZLOBIN                                  ","+52:54:00","+030:00:00",144,52.9,30,"52.9:30","Belarus"
"BY",651,"CECERSK                                 ","+52:54:00","+030:54:00",142,52.9,30.9,"52.9:30.9","Belarus"
"BY",652,"VISOKOE                                 ","+52:24:00","+023:24:00",164,52.4,23.4,"52.4:23.4","Belarus"
"BY",653,"BREST                                   ","+52:07:00","+023:40:59",146,52.1166666666667,23.6830555555556,"52.1166666666667:23.6830555555556","Belarus"
"BY",654,"POLESSKAJ                               ","+52:18:00","+026:42:00",134,52.3,26.7,"52.3:26.7","Belarus"
"BY",655,"PINSK;AMSG                              ","+52:07:12","+026:07:48",146,52.12,26.13,"52.12:26.13","Belarus"
"BY",656,"ZITKOVICI                               ","+52:12:00","+027:54:00",138,52.2,27.9,"52.2:27.9","Belarus"
"BY",657,"MOZYR                                   ","+52:00:00","+029:12:00",173,52,29.2,"52:29.2","Belarus"
"BY",658,"GOMEL                                   ","+52:24:00","+031:00:00",139,52.4,31,"52.4:31","Belarus"
"BY",659,"LELCICY                                 ","+51:48:00","+028:18:00",141,51.8,28.3,"51.8:28.3","Belarus"
"BY",660,"BRAGIN                                  ","+51:48:00","+030:18:00",116,51.8,30.3,"51.8:30.3","Belarus"
"BY",661,"OLEVSK                                  ","+51:30:00","+027:42:00",181,51.5,27.7,"51.5:27.7","Belarus"
"FR",31,"MARSEILLE OBS. PALAIS-LONCHAMP          ","+43:18:18","+005:23:48",75,43.305,5.39666666666667,"43.305:5.39666666666667","France"
"FR",32,"BOURGES AERODROME                       ","+47:04:00","+002:22:00",161,47.0666666666667,2.36666666666667,"47.0666666666667:2.36666666666667","France"
"FR",33,"BLAGNAC AEROP. TOULOUSE-BLAGNAC         ","+43:37:23","+001:22:41",151,43.6230555555556,1.37805555555556,"43.6230555555556:1.37805555555556","France"
"FR",34,"MERIGNAC AEROPORT DE BORDEAUX           ","+44:49:54","-000:40:30",47,44.8316666666667,0.675,"44.8316666666667:0.675","France"
"FR",35,"DEOLS CHATEAUROUX AERODROME DE DEOLS    ","+46:51:36","+001:43:18",155,46.86,1.72166666666667,"46.86:1.72166666666667","France"
"FR",36,"PERPIGNAN                               ","+42:44:17","+002:52:23",42,42.7380555555556,2.87305555555556,"42.7380555555556:2.87305555555556","France"
"FR",37,"BRON LYON AEROPORT                      ","+45:43:23","+004:56:12",198,45.7230555555556,4.93666666666667,"45.7230555555556:4.93666666666667","France"
"FR",38,"PARIS-14E PARC MONTSOURIS               ","+48:49:23","+002:20:12",75,48.8230555555556,2.33666666666667,"48.8230555555556:2.33666666666667","France"
"FR",39,"MARIGNANE AEROPORT MARSEILLE MARIGNANE  ","+43:26:30","+005:13:36",5,43.4416666666667,5.22666666666667,"43.4416666666667:5.22666666666667","France"
"FR",322,"RENNES                                  ","+48:04:00","-001:43:59",36,48.0666666666667,-0.266944444444444,"48.0666666666667:-0.266944444444444","France"
"FR",323,"STRASBOURG-ENTZHEIM                     ","+48:33:00","+007:37:59",149,48.55,7.63305555555556,"48.55:7.63305555555556","France"
"FR",355,"MONT-AIGOUAL                            ","+44:07:00","+003:34:59",1567,44.1166666666667,3.58305555555556,"44.1166666666667:3.58305555555556","France"
"FR",740,"ALENCON                                 ","+48:27:00","+000:06:36",144,48.45,0.11,"48.45:0.11","France"
"FR",751,"LYON-BRON                               ","+45:42:36","+004:57:00",201,45.71,4.95,"45.71:4.95","France"
"FR",756,"TARBES                                  ","+43:11:12","-000:00:18",360,43.1866666666667,0.005,"43.1866666666667:0.005","France"
"FR",759,"AMIENS-GLISY                            ","+49:52:18","+002:23:06",60,49.8716666666667,2.385,"49.8716666666667:2.385","France"
"FR",760,"AUXERRE - SAINT-GEORGES-SUR-BAULCHE     ","+47:48:06","+003:32:42",207,47.8016666666667,3.545,"47.8016666666667:3.545","France"
"FR",761,"BALLOTS                                 ","+47:53:53","-001:02:05",62,47.8980555555556,-0.965277777777778,"47.8980555555556:-0.965277777777778","France"
"FR",762,"BEAUVAIS-TILLE                          ","+49:26:48","+002:07:41",89,49.4466666666667,2.12805555555556,"49.4466666666667:2.12805555555556","France"
"FR",763,"BORDEAUX-MERIGNAC                       ","+44:49:54","-000:41:30",47,44.8316666666667,0.691666666666667,"44.8316666666667:0.691666666666667","France"
"FR",764,"BRETIGNY-SUR-ORGE                       ","+48:36:00","+002:19:36",78,48.6,2.32666666666667,"48.6:2.32666666666667","France"
"FR",767,"CATUS                                   ","+44:33:24","+001:20:17",165,44.5566666666667,1.33805555555556,"44.5566666666667:1.33805555555556","France"
"FR",768,"CHARTRES-CHAMPHOL                       ","+48:27:42","+001:30:11",155,48.4616666666667,1.50305555555556,"48.4616666666667:1.50305555555556","France"
"FR",770,"CHATILLON-COLIGNY                       ","+47:49:36","+002:50:53",140,47.8266666666667,2.84805555555556,"47.8266666666667:2.84805555555556","France"
"FR",771,"CHATILLON-SUR-SEINE                     ","+47:50:53","+004:34:54",262,47.8480555555556,4.58166666666667,"47.8480555555556:4.58166666666667","France"
"FR",773,"ESPOEY                                  ","+43:14:53","-000:09:18",312,43.2480555555556,0.155,"43.2480555555556:0.155","France"
"FR",774,"FAVERGES-DE-LA-TOUR                     ","+45:35:42","+005:31:48",360,45.595,5.53,"45.595:5.53","France"
"FR",776,"LA SOUTERRAINE                          ","+46:14:35","+001:28:05",405,46.2430555555556,1.46805555555556,"46.2430555555556:1.46805555555556","France"
"FR",778,"LE MASSEGROS                            ","+44:18:29","+003:10:36",870,44.3080555555556,3.17666666666667,"44.3080555555556:3.17666666666667","France"
"FR",780,"LEGE-CAP-FERRET                         ","+44:37:54","-001:14:53",9,44.6316666666667,-0.751944444444444,"44.6316666666667:-0.751944444444444","France"
"FR",781,"LEZAY                                   ","+46:15:54","-000:00:36",124,46.265,0.01,"46.265:0.01","France"
"FR",782,"L-ILE-D-YEU                             ","+46:41:35","-002:19:48",32,46.6930555555556,-1.67,"46.6930555555556:-1.67","France"
"FR",785,"MONTCORNET                              ","+49:42:00","+004:01:00",130,49.7,4.01666666666667,"49.7:4.01666666666667","France"
"FR",787,"MONTMORILLON                            ","+46:25:00","+000:51:36",152,46.4166666666667,0.86,"46.4166666666667:0.86","France"
"FR",788,"NIMES                                   ","+43:51:29","+004:24:24",59,43.8580555555556,4.40666666666667,"43.8580555555556:4.40666666666667","France"
"FR",790,"ODEREN                                  ","+47:54:00","+006:58:00",460,47.9,6.96666666666667,"47.9:6.96666666666667","France"
"FR",791,"ORANGE                                  ","+44:08:24","+004:51:11",53,44.14,4.85305555555555,"44.14:4.85305555555555","France"
"FR",792,"PAMIERS                                 ","+43:07:00","+001:37:03",295,43.1166666666667,1.6175,"43.1166666666667:1.6175","France"
"FR",794,"REIMS-COURCY                            ","+49:18:00","+004:01:59",91,49.3,4.03305555555556,"49.3:4.03305555555556","France"
"FR",796,"SAINT-GERMAIN-LES-BELLES                ","+45:36:47","+001:29:06",405,45.6130555555556,1.485,"45.6130555555556:1.485","France"
"FR",797,"SETE                                    ","+43:23:53","+003:41:30",80,43.3980555555556,3.69166666666667,"43.3980555555556:3.69166666666667","France"
"FR",804,"VOUZIERS                                ","+49:24:11","+004:42:11",96,49.4030555555556,4.70305555555556,"49.4030555555556:4.70305555555556","France"
"FR",2293,"TRAPPES                                 ","+48:46:12","+002:00:00",167,48.77,2,"48.77:2","France"
"FR",3627,"MARVILLE A FRANCE                       ","+49:27:00","+005:25:12",265,49.45,5.42,"49.45:5.42","France"
"FR",3628,"TOUL ROSIERE                            ","+48:46:00","+005:58:59",288,48.7666666666667,5.98305555555556,"48.7666666666667:5.98305555555556","France"
"FR",3629,"CHAUMONT                                ","+48:06:00","+005:03:00",313,48.1,5.05,"48.1:5.05","France"
"FR",3630,"LAON                                    ","+49:37:59","+003:33:00",83,49.6330555555556,3.55,"49.6330555555556:3.55","France"
"FR",3631,"EVREUX                                  ","+49:01:00","+001:13:59",141,49.0166666666667,1.23305555555556,"49.0166666666667:1.23305555555556","France"
"FR",3633,"CHAMBLEY                                ","+49:01:59","+005:52:00",266,49.0330555555556,5.86666666666667,"49.0330555555556:5.86666666666667","France"
"GL",298,"ILULISSAT                               ","+69:13:12","-051:06:00",39,69.22,-50.9,"69.22:-50.9","Greenland"
"GL",299,"TASIILAQ                                ","+65:35:59","-037:37:59",50,65.5997222222222,-36.3669444444444,"65.5997222222222:-36.3669444444444","Greenland"
"GL",300,"ILULISSAT (JAKOBSHAVN)                  ","+69:13:00","-051:03:00",39,69.2166666666667,-50.95,"69.2166666666667:-50.95","Greenland"
"GL",440,"GODTHAAB                                ","+64:09:36","-051:45:00",70,64.16,-50.25,"64.16:-50.25","Greenland"
"GL",2942,"DANMARKSHAVN                            ","+76:46:12","-018:40:12",12,76.77,-17.33,"76.77:-17.33","Greenland"
"GL",7962,"DUNDAS                                  ","+76:34:00","-068:48:00",21,76.5666666666667,-67.2,"76.5666666666667:-67.2","Greenland"
"GL",7964,"PITUFFIK                                ","+76:31:59","-068:45:00",77,76.5330555555555,-67.25,"76.5330555555555:-67.25","Greenland"
"GL",7966,"MITT. QAANAAQ                           ","+77:28:59","-069:22:59",16,77.4830555555556,-68.6169444444445,"77.4830555555556:-68.6169444444445","Greenland"
"GL",7970,"UPERNAVIK                               ","+72:46:59","-056:10:00",120,72.7830555555555,-55.8333333333333,"72.7830555555555:-55.8333333333333","Greenland"
"GL",7972,"UUMMANNAQ HELI.                         ","+70:40:59","-052:07:00",2,70.6830555555556,-51.8833333333333,"70.6830555555556:-51.8833333333333","Greenland"
"GL",7974,"QULLITSAT                               ","+70:03:00","-052:51:00",2,70.05,-51.15,"70.05:-51.15","Greenland"
"GL",7976,"QASIGIANNGUIT HELI.                     ","+68:49:00","-051:10:00",24,68.8166666666667,-50.8333333333333,"68.8166666666667:-50.8333333333333","Greenland"
"GL",7977,"QEQERTARSUAQ                            ","+69:13:59","-053:31:00",24,69.2330555555556,-52.4833333333333,"69.2330555555556:-52.4833333333333","Greenland"
"GL",7979,"AASIAAT                                 ","+68:42:00","-052:45:00",43,68.7,-51.25,"68.7:-51.25","Greenland"
"GL",7982,"SISIMIUT                                ","+66:55:00","-053:40:00",12,66.9166666666667,-52.3333333333333,"66.9166666666667:-52.3333333333333","Greenland"
"GL",7983,"KANGERLUSSUAQ                           ","+67:01:00","-050:42:00",50,67.0166666666667,-49.3,"67.0166666666667:-49.3","Greenland"
"GL",7984,"MITT. SISIMIUT                          ","+66:57:00","-053:43:00",10,66.95,-52.2833333333333,"66.95:-52.2833333333333","Greenland"
"GL",7985,"DYE 1                                   ","+66:37:59","-052:52:00",1439,66.6330555555555,-51.1333333333333,"66.6330555555555:-51.1333333333333","Greenland"
"GL",7987,"MANIITSOQ                               ","+65:24:00","-052:52:00",25,65.4,-51.1333333333333,"65.4:-51.1333333333333","Greenland"
"GL",7991,"QOORNOQ                                 ","+64:31:59","-051:03:00",-999,64.5330555555555,-50.95,"64.5330555555555:-50.95","Greenland"
"GL",7992,"KAPISILLIT                              ","+64:25:00","-050:18:00",-999,64.4166666666667,-49.7,"64.4166666666667:-49.7","Greenland"
"GL",7993,"NUUK                                    ","+64:10:00","-051:45:00",80,64.1666666666667,-50.25,"64.1666666666667:-50.25","Greenland"
"GL",7994,"KITSISSUT-1                             ","+64:01:59","-052:04:59",19,64.0330555555555,-51.9169444444444,"64.0330555555555:-51.9169444444444","Greenland"
"GL",7995,"KANGERLUARSORUSEQ                       ","+63:42:00","-051:33:00",10,63.7,-50.45,"63.7:-50.45","Greenland"
"GL",7999,"MITT. PAAMIUT                           ","+62:01:00","-049:40:00",36,62.0166666666667,-48.3333333333333,"62.0166666666667:-48.3333333333333","Greenland"
"GL",8000,"KANGILINNGUIT                           ","+61:13:59","-048:06:00",35,61.2330555555556,-47.9,"61.2330555555556:-47.9","Greenland"
"GL",8001,"ARSUK                                   ","+61:10:59","-048:27:00",-999,61.1830555555556,-47.55,"61.1830555555556:-47.55","Greenland"
"GL",8004,"MITT. NARSARSUAQ                        ","+61:10:00","-045:25:00",27,61.1666666666667,-44.5833333333333,"61.1666666666667:-44.5833333333333","Greenland"
"GL",8005,"QAQORTOQ                                ","+60:43:00","-046:03:00",32,60.7166666666667,-45.95,"60.7166666666667:-45.95","Greenland"
"GL",8008,"NARSAQ HELIPORT                         ","+60:55:00","-046:03:00",25,60.9166666666667,-45.95,"60.9166666666667:-45.95","Greenland"
"GL",8010,"NANORTALIK HELIPORT                     ","+60:07:59","-045:13:59",5,60.1330555555556,-44.7669444444444,"60.1330555555556:-44.7669444444444","Greenland"
"GL",8011,"ANGISOQ                                 ","+59:58:59","-045:07:59",20,59.9830555555556,-44.8669444444444,"59.9830555555556:-44.8669444444444","Greenland"
"GL",8015,"STATION NORD                            ","+81:36:00","-016:38:59",36,81.6,-15.3502777777778,"81.6:-15.3502777777778","Greenland"
"GL",8018,"DANEBORG                                ","+74:18:00","-020:13:00",44,74.3,-19.7833333333333,"74.3:-19.7833333333333","Greenland"
"GL",8019,"MESTERSVIG                              ","+72:15:00","-023:54:00",16,72.25,-22.1,"72.25:-22.1","Greenland"
"GL",8020,"ITTOQQORTOORMIIT                        ","+70:28:59","-021:57:00",70,70.4830555555556,-20.05,"70.4830555555556:-20.05","Greenland"
"GL",8021,"UUNARTEQ                                ","+70:25:00","-021:58:00",41,70.4166666666667,-20.0333333333333,"70.4166666666667:-20.0333333333333","Greenland"
"GL",8024,"APUTITEEQ                               ","+67:46:59","-032:17:59",13,67.7830555555555,-31.7002777777778,"67.7830555555555:-31.7002777777778","Greenland"
"GL",8026,"DYE 4                                   ","+65:31:00","-037:10:00",329,65.5166666666667,-36.8333333333333,"65.5166666666667:-36.8333333333333","Greenland"
"GL",8029,"TIMMIARMIUT                             ","+62:31:59","-042:07:59",10,62.5330555555556,-41.8669444444444,"62.5330555555556:-41.8669444444444","Greenland"
"GL",8031,"QULLEQ                                  ","+61:31:59","-042:13:59",157,61.5330555555556,-41.7669444444444,"61.5330555555556:-41.7669444444444","Greenland"
"GL",8032,"IKERASASSUAQ                            ","+60:03:00","-043:10:00",88,60.05,-42.8333333333333,"60.05:-42.8333333333333","Greenland"
"GL",8036,"DYE 2                                   ","+66:28:59","-046:16:59",2332,66.4830555555556,-45.7169444444444,"66.4830555555556:-45.7169444444444","Greenland"
"GL",8037,"DYE 3                                   ","+65:10:59","-043:49:59",2652,65.1830555555556,-42.1669444444444,"65.1830555555556:-42.1669444444444","Greenland"
"GL",8038,"IKERASASSUAQ                            ","+60:01:59","-043:07:00",26,60.0330555555556,-42.8833333333333,"60.0330555555556:-42.8833333333333","Greenland"
"AZ",393,"GANCA                                   ","+40:43:00","+046:25:00",311,40.7166666666667,46.4166666666667,"40.7166666666667:46.4166666666667","Azerbaijan"
"AZ",2984,"GEOKCAY                                 ","+40:42:00","+047:42:00",95,40.7,47.7,"40.7:47.7","Azerbaijan"
"AZ",2986,"ZDANOVSK                                ","+39:47:58","+047:35:58",72,39.7994444444444,47.5994444444444,"39.7994444444444:47.5994444444444","Azerbaijan"
"AZ",3569,"BOGDANOVKA                              ","+41:18:00","+045:36:00",440,41.3,45.6,"41.3:45.6","Azerbaijan"
"AZ",3570,"DJEYRANCELSKAJ-STEP                     ","+41:18:00","+045:30:00",404,41.3,45.5,"41.3:45.5","Azerbaijan"
"AZ",3572,"ADJINAURSKAYA_STEP                      ","+41:12:00","+046:48:00",403,41.2,46.8,"41.2:46.8","Azerbaijan"
"AZ",3573,"VARTASHEN                               ","+41:06:00","+047:30:00",583,41.1,47.5,"41.1:47.5","Azerbaijan"
"AZ",3574,"HACMAS                                  ","+41:30:00","+048:48:00",27,41.5,48.8,"41.5:48.8","Azerbaijan"
"AZ",3575,"KRIC                                    ","+41:12:00","+048:12:00",999,41.2,48.2,"41.2:48.2","Azerbaijan"
"AZ",3576,"SIASAN                                  ","+41:06:00","+049:12:00",-26,41.1,49.2,"41.1:49.2","Azerbaijan"
"AZ",3577,"KEDABEK                                 ","+40:42:00","+045:48:00",1476,40.7,45.8,"40.7:45.8","Azerbaijan"
"AZ",3578,"SHAMHOR                                 ","+40:48:00","+046:00:00",404,40.8,46,"40.8:46","Azerbaijan"
"AZ",3579,"ORDJONIKIDZE - ZERNOSOVHOZ              ","+40:54:00","+047:18:00",313,40.9,47.3,"40.9:47.3","Azerbaijan"
"AZ",3580,"MIGECAUR                                ","+40:48:00","+047:00:00",94,40.8,47,"40.8:47","Azerbaijan"
"AZ",3581,"EVLAH                                   ","+40:36:00","+047:12:00",15,40.6,47.2,"40.6:47.2","Azerbaijan"
"AZ",3583,"SHEMAKHA                                ","+40:37:48","+048:37:48",750,40.63,48.63,"40.63:48.63","Azerbaijan"
"AZ",3584,"SUGAIT                                  ","+40:36:00","+049:36:00",-19,40.6,49.6,"40.6:49.6","Azerbaijan"
"AZ",3587,"GEYGEL-KURORT                           ","+40:24:00","+046:18:00",1612,40.4,46.3,"40.4:46.3","Azerbaijan"
"AZ",3588,"MIR-BASHIR                              ","+40:24:00","+047:00:00",160,40.4,47,"40.4:47","Azerbaijan"
"AZ",3589,"BARDA                                   ","+40:24:00","+047:06:00",69,40.4,47.1,"40.4:47.1","Azerbaijan"
"AZ",3590,"ZARDOB                                  ","+40:12:00","+047:42:00",-5,40.2,47.7,"40.2:47.7","Azerbaijan"
"AZ",3591,"KYURDAMIR                               ","+40:19:48","+048:10:12",2,40.33,48.17,"40.33:48.17","Azerbaijan"
"AZ",3592,"KAZIMAGOMED                             ","+40:00:00","+048:54:00",7,40,48.9,"40:48.9","Azerbaijan"
"AZ",3593,"BAKU                                    ","+40:24:00","+049:48:00",47,40.4,49.8,"40.4:49.8","Azerbaijan"
"AZ",3594,"BAKU - GMO                              ","+40:31:48","+050:00:00",95,40.53,50,"40.53:50","Azerbaijan"
"AZ",3598,"ISTISU                                  ","+39:54:00","+045:54:00",2064,39.9,45.9,"39.9:45.9","Azerbaijan"
"AZ",3601,"STEPANAKERT                             ","+39:48:00","+046:48:00",828,39.8,46.8,"39.8:46.8","Azerbaijan"
"AZ",3602,"LACHIN                                  ","+39:42:00","+046:30:00",1152,39.7,46.5,"39.7:46.5","Azerbaijan"
"AZ",3604,"MARTUNY                                 ","+39:48:00","+047:06:00",414,39.8,47.1,"39.8:47.1","Azerbaijan"
"AZ",3605,"FIZULI                                  ","+39:36:00","+047:12:00",430,39.6,47.2,"39.6:47.2","Azerbaijan"
"AZ",3607,"SALJNY                                  ","+39:36:00","+048:54:00",-20,39.6,48.9,"39.6:48.9","Azerbaijan"
"AZ",3608,"IMISLY                                  ","+39:54:00","+048:00:00",-1,39.9,48,"39.9:48","Azerbaijan"
"AZ",3611,"NAKHICHEVAN - GMB                       ","+39:12:00","+045:25:12",875,39.2,45.42,"39.2:45.42","Azerbaijan"
"AZ",3612,"SAHBUZ                                  ","+39:24:00","+045:36:00",1205,39.4,45.6,"39.4:45.6","Azerbaijan"
"AZ",3613,"PARAGACHAY                              ","+39:06:00","+046:00:00",3268,39.1,46,"39.1:46","Azerbaijan"
"AZ",3614,"DZULFA                                  ","+38:54:00","+045:36:00",736,38.9,45.6,"38.9:45.6","Azerbaijan"
"AZ",3615,"ORDUBAD                                 ","+38:54:00","+046:06:00",1843,38.9,46.1,"38.9:46.1","Azerbaijan"
"AZ",3617,"MINDJEVAN                               ","+39:00:00","+046:42:00",313,39,46.7,"39:46.7","Azerbaijan"
"AZ",3618,"BILASUVAR                               ","+39:30:00","+048:36:00",3,39.5,48.6,"39.5:48.6","Azerbaijan"
"AZ",3619,"JARDIMLY                                ","+38:54:00","+048:12:00",794,38.9,48.2,"38.9:48.2","Azerbaijan"
"LV",199,"LIEPAJA                                 ","+56:28:59","+021:01:00",7,56.4830555555556,21.0166666666667,"56.4830555555556:21.0166666666667","Latvia"
"LV",446,"RIGA                                    ","+56:57:45","+024:02:24",17,56.9625,24.04,"56.9625:24.04","Latvia"
"LV",698,"AJNAZI                                  ","+57:54:00","+024:24:00",16,57.9,24.4,"57.9:24.4","Latvia"
"LV",975,"RUJENA                                  ","+57:54:00","+025:18:00",71,57.9,25.3,"57.9:25.3","Latvia"
"LV",977,"VENTSPILS                               ","+57:24:00","+021:36:00",5,57.4,21.6,"57.4:21.6","Latvia"
"LV",979,"VENTSPILS (AMSG)                        ","+57:22:12","+021:33:00",3,57.37,21.55,"57.37:21.55","Latvia"
"LV",980,"STENDE                                  ","+57:12:00","+022:22:48",70,57.2,22.38,"57.2:22.38","Latvia"
"LV",981,"MERSRAGS                                ","+57:18:00","+023:06:00",6,57.3,23.1,"57.3:23.1","Latvia"
"LV",982,"SKULTE                                  ","+57:18:00","+024:24:00",9,57.3,24.4,"57.3:24.4","Latvia"
"LV",983,"PRIEKULI                                ","+57:18:00","+025:24:00",122,57.3,25.4,"57.3:25.4","Latvia"
"LV",984,"PRIBALTIISKAJA                          ","+57:06:00","+025:54:00",180,57.1,25.9,"57.1:25.9","Latvia"
"LV",985,"GAUYENA                                 ","+57:30:00","+026:18:00",84,57.5,26.3,"57.5:26.3","Latvia"
"LV",986,"ALUKSNE                                 ","+57:26:21","+027:02:07",197,57.4391666666667,27.0352777777778,"57.4391666666667:27.0352777777778","Latvia"
"LV",987,"VILJAKA                                 ","+57:12:00","+027:42:00",107,57.2,27.7,"57.2:27.7","Latvia"
"LV",988,"PAVILOSTA                               ","+56:54:00","+021:12:00",9,56.9,21.2,"56.9:21.2","Latvia"
"LV",989,"AIZPUTE                                 ","+56:42:00","+021:36:00",64,56.7,21.6,"56.7:21.6","Latvia"
"LV",991,"AUCE                                    ","+56:30:00","+022:54:00",104,56.5,22.9,"56.5:22.9","Latvia"
"LV",992,"RIGA; UNIVERCITY                        ","+56:58:12","+024:04:12",6,56.97,24.07,"56.97:24.07","Latvia"
"LV",993,"DOBELE                                  ","+56:36:00","+023:18:00",44,56.6,23.3,"56.6:23.3","Latvia"
"LV",994,"YELGAVA                                 ","+56:39:00","+023:43:48",5,56.65,23.73,"56.65:23.73","Latvia"
"LV",995,"BAUSKA                                  ","+56:24:00","+024:12:00",33,56.4,24.2,"56.4:24.2","Latvia"
"LV",996,"SKRIVERI                                ","+56:42:00","+025:06:00",83,56.7,25.1,"56.7:25.1","Latvia"
"LV",997,"ZILANI                                  ","+56:30:00","+025:54:00",109,56.5,25.9,"56.5:25.9","Latvia"
"LV",998,"REZEKNE                                 ","+56:30:00","+027:24:00",157,56.5,27.4,"56.5:27.4","Latvia"
"LV",999,"MADONA                                  ","+56:48:00","+026:12:00",140,56.8,26.2,"56.8:26.2","Latvia"
"LV",1000,"RUCAVA                                  ","+56:12:00","+021:12:00",18,56.2,21.2,"56.2:21.2","Latvia"
"LV",1002,"DAGDA                                   ","+56:06:00","+027:30:00",181,56.1,27.5,"56.1:27.5","Latvia"
"LV",2951,"LIYEPAYA AMSG                           ","+56:33:00","+021:01:12",4,56.55,21.02,"56.55:21.02","Latvia"
"RO",217,"ARAD                                    ","+46:07:59","+021:21:00",116,46.1330555555556,21.35,"46.1330555555556:21.35","Romania"
"RO",218,"BAIA MARE                               ","+47:40:00","+023:30:00",216,47.6666666666667,23.5,"47.6666666666667:23.5","Romania"
"RO",219,"BUCURESTI-BANEASA                       ","+44:31:00","+026:04:59",90,44.5166666666667,26.0830555555556,"44.5166666666667:26.0830555555556","Romania"
"RO",220,"BUZAU                                   ","+45:07:59","+026:51:00",97,45.1330555555556,26.85,"45.1330555555556:26.85","Romania"
"RO",221,"CALARASI                                ","+44:12:00","+027:19:59",18,44.2,27.3330555555556,"44.2:27.3330555555556","Romania"
"RO",222,"CLUJ NAPOCA                             ","+46:46:59","+023:34:00",410,46.7830555555556,23.5666666666667,"46.7830555555556:23.5666666666667","Romania"
"RO",223,"DROBETA TURNU SEVERIN                   ","+44:37:59","+022:37:59",77,44.6330555555556,22.6330555555556,"44.6330555555556:22.6330555555556","Romania"
"RO",224,"TG JIU                                  ","+45:01:59","+023:16:00",203,45.0330555555556,23.2666666666667,"45.0330555555556:23.2666666666667","Romania"
"RO",225,"TURNU MAGURELE                          ","+43:45:00","+024:52:59",30,43.75,24.8830555555556,"43.75:24.8830555555556","Romania"
"RO",226,"VARFU OMUL                              ","+45:27:00","+025:27:00",2504,45.45,25.45,"45.45:25.45","Romania"
"RO",267,"BUCURESTI FILARET                       ","+44:25:00","+026:06:00",82,44.4166666666667,26.1,"44.4166666666667:26.1","Romania"
"RO",450,"SIBIU                                   ","+45:48:00","+024:09:00",444,45.8,24.15,"45.8:24.15","Romania"
"RO",948,"OCNA SUGATAG                            ","+47:46:59","+023:55:59",504,47.7830555555556,23.9330555555556,"47.7830555555556:23.9330555555556","Romania"
"RO",951,"IASI                                    ","+47:10:00","+027:37:59",102,47.1666666666667,27.6330555555556,"47.1666666666667:27.6330555555556","Romania"
"RO",960,"BACAU                                   ","+46:31:59","+026:55:00",184,46.5330555555556,26.9166666666667,"46.5330555555556:26.9166666666667","Romania"
"RO",961,"MIERCUREA CIUC                          ","+46:22:00","+025:43:59",661,46.3666666666667,25.7330555555556,"46.3666666666667:25.7330555555556","Romania"
"RO",962,"DEVA                                    ","+45:52:00","+022:54:00",230,45.8666666666667,22.9,"45.8666666666667:22.9","Romania"
"RO",967,"TULCEA                                  ","+45:10:59","+028:49:00",4,45.1830555555556,28.8166666666667,"45.1830555555556:28.8166666666667","Romania"
"RO",969,"SULINA                                  ","+45:10:00","+029:43:59",3,45.1666666666667,29.7330555555556,"45.1666666666667:29.7330555555556","Romania"
"RO",972,"ROSIORI DE VEDE                         ","+44:06:00","+024:58:59",102,44.1,24.9830555555556,"44.1:24.9830555555556","Romania"
"RO",2056,"BOTOSANI                                ","+47:40:48","+026:40:12",161,47.68,26.67,"47.68:26.67","Romania"
"RO",2057,"CEAHLAU TOACA                           ","+46:55:48","+025:55:12",1897,46.93,25.92,"46.93:25.92","Romania"
"RO",2058,"CARANSEBES                              ","+45:25:12","+022:15:00",241,45.42,22.25,"45.42:22.25","Romania"
"RO",2059,"GALATI                                  ","+45:30:00","+028:01:12",71,45.5,28.02,"45.5:28.02","Romania"
"RO",2060,"RAMNICU VALCEA                          ","+45:06:00","+024:22:12",239,45.1,24.37,"45.1:24.37","Romania"
"RO",2061,"CRAIOVA                                 ","+44:13:48","+023:52:12",192,44.23,23.87,"44.23:23.87","Romania"
"RO",2062,"CONSTANTA                               ","+44:13:12","+028:37:48",13,44.22,28.63,"44.22:28.63","Romania"
"TM",382,"BAJRAMALY                               ","+37:36:00","+062:10:59",240,37.6,62.1830555555556,"37.6:62.1830555555556","Turkmenistan"
"TM",385,"CHARDZHEV                               ","+39:04:59","+063:36:00",193,39.0830555555556,63.6,"39.0830555555556:63.6","Turkmenistan"
"TM",395,"GYZYLARBAT                              ","+38:58:48","+056:16:48",97,38.98,56.28,"38.98:56.28","Turkmenistan"
"TM",2974,"KRASNOVODSK                             ","+40:01:48","+052:58:48",89,40.03,52.98,"40.03:52.98","Turkmenistan"
"TM",2975,"GASAN-KULI                              ","+37:28:12","+053:58:12",-24,37.47,53.97,"37.47:53.97","Turkmenistan"
"TM",3143,"ASHKHABAD KESHI                         ","+37:58:12","+058:19:48",227,37.97,58.33,"37.97:58.33","Turkmenistan"
"TM",3147,"SERAKHS AMSG                            ","+36:31:46","+061:13:12",275,36.5294444444444,61.22,"36.5294444444444:61.22","Turkmenistan"
"TM",3148,"KYSHKA                                  ","+35:16:46","+062:20:58",625,35.2794444444444,62.3494444444444,"35.2794444444444:62.3494444444444","Turkmenistan"
"TM",3292,"TURKMEN-BASHI                           ","+40:03:00","+053:00:00",82,40.05,53,"40.05:53","Turkmenistan"
"TM",3295,"ESENGYLY                                ","+37:28:00","+053:37:59",-22,37.4666666666667,53.6330555555556,"37.4666666666667:53.6330555555556","Turkmenistan"
"TM",3296,"ASHGABAT                                ","+37:58:00","+058:19:59",208,37.9666666666667,58.3330555555556,"37.9666666666667:58.3330555555556","Turkmenistan"
"TM",3298,"SARAGT                                  ","+36:31:59","+061:13:00",275,36.5330555555556,61.2166666666667,"36.5330555555556:61.2166666666667","Turkmenistan"
"TM",3299,"GYSHGY                                  ","+35:16:59","+062:21:00",625,35.2830555555556,62.35,"35.2830555555556:62.35","Turkmenistan"
"TM",3844,"KENEURGENC                              ","+42:18:00","+059:12:00",78,42.3,59.2,"42.3:59.2","Turkmenistan"
"TM",3846,"KARA-BAGAZ-GOL                          ","+41:06:00","+052:54:00",-23,41.1,52.9,"41.1:52.9","Turkmenistan"
"TM",3847,"SAH-SENEM                               ","+41:36:00","+058:42:00",64,41.6,58.7,"41.6:58.7","Turkmenistan"
"TM",3849,"KOSHOBA                                 ","+40:18:00","+054:12:00",105,40.3,54.2,"40.3:54.2","Turkmenistan"
"TM",3850,"GUVLIAJK                                ","+40:12:00","+052:54:00",-21,40.2,52.9,"40.2:52.9","Turkmenistan"
"TM",3851,"CAGIL                                   ","+40:48:00","+055:24:00",115,40.8,55.4,"40.8:55.4","Turkmenistan"
"TM",3853,"DARVAZA                                 ","+40:12:00","+058:30:00",85,40.2,58.5,"40.2:58.5","Turkmenistan"
"TM",3855,"NEBIT-DAG                               ","+39:30:00","+054:18:00",-7,39.5,54.3,"39.5:54.3","Turkmenistan"
"TM",3857,"JASHAN                                  ","+39:42:00","+055:36:00",-9,39.7,55.6,"39.7:55.6","Turkmenistan"
"TM",3860,"ZAPADNO-TURKMENSKAJ                     ","+38:36:00","+055:12:00",205,38.6,55.2,"38.6:55.2","Turkmenistan"
"TM",3862,"SAYVAN                                  ","+38:30:00","+056:48:00",1042,38.5,56.8,"38.5:56.8","Turkmenistan"
"TM",3863,"GARRIGALA                               ","+38:24:00","+056:18:00",314,38.4,56.3,"38.4:56.3","Turkmenistan"
"TM",3864,"BARCARDOK                               ","+38:48:00","+058:30:00",88,38.8,58.5,"38.8:58.5","Turkmenistan"
"TM",3865,"KARIKUL                                 ","+38:24:00","+058:18:00",92,38.4,58.3,"38.4:58.3","Turkmenistan"
"EE",268,"VORU                                    ","+57:50:45","+027:01:09",82,57.8458333333333,27.0191666666667,"57.8458333333333:27.0191666666667","Estonia"
"EE",269,"VILSANDI                                ","+58:22:59","+021:48:55",6,58.3830555555556,21.8152777777778,"58.3830555555556:21.8152777777778","Estonia"
"EE",678,"OSMUSSAAR                               ","+59:18:00","+023:24:00",5,59.3,23.4,"59.3:23.4","Estonia"
"EE",680,"NAISSAAR                                ","+59:36:00","+024:30:00",2,59.6,24.5,"59.6:24.5","Estonia"
"EE",681,"TALLINN                                 ","+59:22:59","+024:34:59",34,59.3830555555556,24.5830555555556,"59.3830555555556:24.5830555555556","Estonia"
"EE",682,"KUNDA                                   ","+59:30:00","+026:36:00",3,59.5,26.6,"59.5:26.6","Estonia"
"EE",683,"JOHVI                                   ","+59:18:00","+027:12:00",74,59.3,27.2,"59.3:27.2","Estonia"
"EE",684,"NARVAJOESUU                             ","+59:28:12","+028:01:48",13,59.47,28.03,"59.47:28.03","Estonia"
"EE",686,"RISTNA                                  ","+58:54:00","+022:06:00",9,58.9,22.1,"58.9:22.1","Estonia"
"EE",687,"KARDLA                                  ","+59:00:00","+022:48:00",4,59,22.8,"59:22.8","Estonia"
"EE",688,"HEL-TERMAA                              ","+58:54:00","+023:00:00",4,58.9,23,"58.9:23","Estonia"
"EE",689,"NIGULA                                  ","+59:00:00","+023:48:00",24,59,23.8,"59:23.8","Estonia"
"EE",690,"VIRTSU                                  ","+58:36:00","+023:30:00",8,58.6,23.5,"58.6:23.5","Estonia"
"EE",691,"KUUSIKU                                 ","+58:58:12","+024:43:48",51,58.97,24.73,"58.97:24.73","Estonia"
"EE",692,"TYRI                                    ","+58:48:00","+025:24:00",65,58.8,25.4,"58.8:25.4","Estonia"
"EE",693,"VAIKEMAARJA                             ","+59:06:00","+026:12:00",123,59.1,26.2,"59.1:26.2","Estonia"
"EE",694,"TOOMA                                   ","+58:22:12","+026:16:12",89,58.37,26.27,"58.37:26.27","Estonia"
"EE",695,"TIIRIKOJA                               ","+58:54:00","+026:54:00",34,58.9,26.9,"58.9:26.9","Estonia"
"EE",697,"KIHNU                                   ","+58:06:00","+023:54:00",4,58.1,23.9,"58.1:23.9","Estonia"
"EE",699,"PJARNU                                  ","+58:22:00","+024:30:00",8,58.3666666666667,24.5,"58.3666666666667:24.5","Estonia"
"EE",973,"SORVE                                   ","+57:54:00","+022:00:00",4,57.9,22,"57.9:22","Estonia"
"EE",974,"RUHNU                                   ","+57:48:00","+023:12:00",2,57.8,23.2,"57.8:23.2","Estonia"
"EE",976,"VALGA                                   ","+57:48:00","+026:00:00",62,57.8,26,"57.8:26","Estonia"
"EE",2978,"KURESSAARE                              ","+58:12:00","+022:30:00",4,58.2,22.5,"58.2:22.5","Estonia"
"EE",2992,"VILSANDY                                ","+58:22:10","+025:34:46",6,58.3694444444444,25.5794444444444,"58.3694444444444:25.5794444444444","Estonia"
"GR",59,"CORFU                                   ","+39:37:00","+019:55:00",11,39.6166666666667,19.9166666666667,"39.6166666666667:19.9166666666667","Greece"
"GR",60,"HELLINIKON                              ","+37:54:00","+023:45:00",10,37.9,23.75,"37.9:23.75","Greece"
"GR",61,"HERAKLION                               ","+35:19:59","+025:10:59",39,35.3330555555556,25.1830555555556,"35.3330555555556:25.1830555555556","Greece"
"GR",62,"LARISSA                                 ","+39:39:00","+022:27:00",72,39.65,22.45,"39.65:22.45","Greece"
"GR",63,"METHONI                                 ","+36:49:59","+021:42:00",51,36.8330555555556,21.7,"36.8330555555556:21.7","Greece"
"GR",326,"SAMOS AIRPORT                           ","+37:42:00","+026:55:00",2,37.7,26.9166666666667,"37.7:26.9166666666667","Greece"
"GR",327,"SOUDA AIRPORT                           ","+35:28:59","+024:07:00",146,35.4830555555556,24.1166666666667,"35.4830555555556:24.1166666666667","Greece"
"GR",497,"ARGOSTOLI                               ","+38:07:00","+020:28:59",22,38.1166666666667,20.4830555555556,"38.1166666666667:20.4830555555556","Greece"
"GR",754,"CHANIA                                  ","+35:30:00","+024:01:59",151,35.5,24.0330555555556,"35.5:24.0330555555556","Greece"
"GR",833,"THESSALONIKI                            ","+40:37:12","+022:57:00",32,40.62,22.95,"40.62:22.95","Greece"
"GR",834,"ALEXANDROUPOLI                          ","+40:51:00","+025:55:48",3,40.85,25.93,"40.85:25.93","Greece"
"GR",835,"KOZANI                                  ","+40:16:48","+021:49:48",626,40.28,21.83,"40.28:21.83","Greece"
"GR",836,"IOANNINA                                ","+39:42:00","+020:49:12",484,39.7,20.82,"39.7:20.82","Greece"
"GR",837,"MITILINI                                ","+39:03:36","+026:36:00",5,39.06,26.6,"39.06:26.6","Greece"
"GR",838,"AGRINIO                                 ","+38:37:12","+021:22:48",25,38.62,21.38,"38.62:21.38","Greece"
"GR",839,"SKYROS                                  ","+38:54:00","+024:33:00",18,38.9,24.55,"38.9:24.55","Greece"
"GR",840,"TRIPOLI                                 ","+37:31:48","+022:24:00",652,37.53,22.4,"37.53:22.4","Greece"
"GR",841,"KALAMATA                                ","+37:03:36","+022:00:00",11,37.06,22,"37.06:22","Greece"
"GR",842,"NAXOS                                   ","+37:06:00","+025:22:48",10,37.1,25.38,"37.1:25.38","Greece"
"GR",843,"MILOS                                   ","+36:44:24","+024:28:48",183,36.74,24.48,"36.74:24.48","Greece"
"GR",844,"KYTHIRA                                 ","+36:07:48","+023:01:12",167,36.13,23.02,"36.13:23.02","Greece"
"GR",845,"RHODOS                                  ","+36:24:00","+028:07:12",11,36.4,28.12,"36.4:28.12","Greece"
"GR",846,"IERAPETRA                               ","+35:00:00","+025:43:48",0,35,25.73,"35:25.73","Greece"
"GR",3762,"LARISSA                                 ","+39:33:00","+022:27:00",74,39.55,22.45,"39.55:22.45","Greece"
"GB",271,"ARMAGH                                  ","+54:21:00","-006:39:00",62,54.35,-5.35,"54.35:-5.35","United Kingdom of Great Britain and Northern Ireland"
"GB",272,"ESKDALEMUIR                             ","+55:19:00","-003:12:00",242,55.3166666666667,-2.8,"55.3166666666667:-2.8","United Kingdom of Great Britain and Northern Ireland"
"GB",273,"HULL                                    ","+53:46:00","-000:22:00",2,53.7666666666667,0.366666666666667,"53.7666666666667:0.366666666666667","United Kingdom of Great Britain and Northern Ireland"
"GB",274,"OXFORD                                  ","+51:46:00","-001:16:00",63,51.7666666666667,-0.733333333333333,"51.7666666666667:-0.733333333333333","United Kingdom of Great Britain and Northern Ireland"
"GB",275,"WICK                                    ","+58:27:00","-003:04:59",36,58.45,-2.91694444444444,"58.45:-2.91694444444444","United Kingdom of Great Britain and Northern Ireland"
"GB",348,"LERWICK                                 ","+60:07:59","-001:10:59",82,60.1330555555556,-0.816944444444444,"60.1330555555556:-0.816944444444444","United Kingdom of Great Britain and Northern Ireland"
"GB",349,"STORNOWAY AIRPORT                       ","+58:19:48","-006:19:12",9,58.33,-5.68,"58.33:-5.68","United Kingdom of Great Britain and Northern Ireland"
"GB",350,"VALLEY                                  ","+53:15:00","-004:31:59",11,53.25,-3.46694444444444,"53.25:-3.46694444444444","United Kingdom of Great Britain and Northern Ireland"
"GB",351,"WADDINGTON                              ","+53:09:57","-000:31:26",68,53.1658333333333,0.523888888888889,"53.1658333333333:0.523888888888889","United Kingdom of Great Britain and Northern Ireland"
"GB",352,"CAMBORNE                                ","+50:13:00","-005:19:00",88,50.2166666666667,-4.68333333333333,"50.2166666666667:-4.68333333333333","United Kingdom of Great Britain and Northern Ireland"
"GB",427,"STORNOWAY                               ","+58:13:12","-006:19:12",21,58.22,-5.68,"58.22:-5.68","United Kingdom of Great Britain and Northern Ireland"
"GB",1639,"CAMBRIDGE (B. GDNS)                     ","+52:11:35","+000:07:54",13,52.1930555555556,0.131666666666667,"52.1930555555556:0.131666666666667","United Kingdom of Great Britain and Northern Ireland"
"GB",1862,"MANSTON                                 ","+51:20:45","+001:20:24",49,51.3458333333333,1.34,"51.3458333333333:1.34","United Kingdom of Great Britain and Northern Ireland"
"GB",2124,"BRIZE NORTON                            ","+51:45:00","-001:34:48",88,51.75,-0.42,"51.75:-0.42","United Kingdom of Great Britain and Northern Ireland"
"GB",3872,"HUNTINGTON                              ","+52:22:00","+000:13:00",49,52.3666666666667,0.216666666666667,"52.3666666666667:0.216666666666667","United Kingdom of Great Britain and Northern Ireland"
"GB",3875,"UPPER HEYFORD                           ","+51:55:59","-001:15:00",134,51.9330555555556,-0.75,"51.9330555555556:-0.75","United Kingdom of Great Britain and Northern Ireland"
"GB",3876,"FAIRFORD                                ","+51:40:59","-001:46:59",87,51.6830555555556,-0.216944444444444,"51.6830555555556:-0.216944444444444","United Kingdom of Great Britain and Northern Ireland"
"GB",3877,"GREENHAM                                ","+51:22:59","-001:16:59",122,51.3830555555556,-0.716944444444444,"51.3830555555556:-0.716944444444444","United Kingdom of Great Britain and Northern Ireland"
"GB",3880,"LAKENHEATH RAF                          ","+52:24:00","+000:34:00",10,52.4,0.566666666666667,"52.4:0.566666666666667","United Kingdom of Great Britain and Northern Ireland"
"GB",3882,"SCULTHORPE                              ","+52:51:00","+000:46:00",65,52.85,0.766666666666667,"52.85:0.766666666666667","United Kingdom of Great Britain and Northern Ireland"
"GB",3883,"MILDENHALL                              ","+52:22:00","+000:28:59",10,52.3666666666667,0.483055555555556,"52.3666666666667:0.483055555555556","United Kingdom of Great Britain and Northern Ireland"
"GB",3884,"BENTWATERS                              ","+52:07:59","+001:25:59",26,52.1330555555556,1.43305555555556,"52.1330555555556:1.43305555555556","United Kingdom of Great Britain and Northern Ireland"
"GB",3886,"WETHERSFIELD                            ","+51:58:00","+000:30:00",98,51.9666666666667,0.5,"51.9666666666667:0.5","United Kingdom of Great Britain and Northern Ireland"
"GB",3887,"WOODBRIDGE                              ","+52:04:59","+001:24:00",29,52.0830555555556,1.4,"52.0830555555556:1.4","United Kingdom of Great Britain and Northern Ireland"
"KZ",388,"ATYRAU                                  ","+47:07:00","+051:55:00",-22,47.1166666666667,51.9166666666667,"47.1166666666667:51.9166666666667","Kazakhstan"
"KZ",407,"TURGAJ                                  ","+49:37:48","+063:30:00",124,49.63,63.5,"49.63:63.5","Kazakhstan"
"KZ",409,"URALSK                                  ","+51:15:00","+051:24:00",36,51.25,51.4,"51.25:51.4","Kazakhstan"
"KZ",2949,"UIL                                     ","+49:04:00","+054:40:59",128,49.0666666666667,54.6830555555556,"49.0666666666667:54.6830555555556","Kazakhstan"
"KZ",3011,"PETROPAVLOVSK                           ","+54:49:59","+069:09:00",142,54.8330555555556,69.15,"54.8330555555556:69.15","Kazakhstan"
"KZ",3015,"KUSTANAI                                ","+53:13:00","+063:37:00",170,53.2166666666667,63.6166666666667,"53.2166666666667:63.6166666666667","Kazakhstan"
"KZ",3022,"ATBASAR                                 ","+51:49:00","+068:22:00",304,51.8166666666667,68.3666666666667,"51.8166666666667:68.3666666666667","Kazakhstan"
"KZ",3029,"KARAGANDA                               ","+49:48:00","+073:09:00",553,49.8,73.15,"49.8:73.15","Kazakhstan"
"KZ",3034,"KZYLZAR                                 ","+48:17:58","+069:41:58",362,48.2994444444444,69.6994444444445,"48.2994444444444:69.6994444444445","Kazakhstan"
"KZ",3037,"ARALSKOE MORE                           ","+46:46:46","+061:40:10",62,46.7794444444444,61.6694444444444,"46.7794444444444:61.6694444444444","Kazakhstan"
"KZ",3046,"TURKESTAN                               ","+43:16:12","+068:13:12",206,43.27,68.22,"43.27:68.22","Kazakhstan"
"KZ",3232,"IRTYSHSK                                ","+53:21:00","+075:27:00",94,53.35,75.45,"53.35:75.45","Kazakhstan"
"KZ",3278,"ASTANA                                  ","+51:07:59","+071:22:00",350,51.1330555555556,71.3666666666667,"51.1330555555556:71.3666666666667","Kazakhstan"
"KZ",3279,"AKTOBE                                  ","+50:16:59","+057:09:00",219,50.2830555555556,57.15,"50.2830555555556:57.15","Kazakhstan"
"KZ",3280,"TAIPAK                                  ","+49:03:00","+051:52:00",2,49.05,51.8666666666667,"49.05:51.8666666666667","Kazakhstan"
"KZ",3281,"IRGIZ                                   ","+48:37:00","+061:16:00",156,48.6166666666667,61.2666666666667,"48.6166666666667:61.2666666666667","Kazakhstan"
"KZ",3282,"KARSAKPAJ                               ","+47:49:59","+066:45:00",488,47.8330555555556,66.75,"47.8330555555556:66.75","Kazakhstan"
"KZ",3283,"BALHASH                                 ","+46:48:00","+075:04:59",350,46.8,75.0830555555555,"46.8:75.0830555555555","Kazakhstan"
"KZ",3285,"SEMEJ                                   ","+50:25:00","+080:18:00",196,50.4166666666667,80.3,"50.4166666666667:80.3","Kazakhstan"
"KZ",3286,"ZAJSAN                                  ","+47:28:00","+084:55:00",603,47.4666666666667,84.9166666666667,"47.4666666666667:84.9166666666667","Kazakhstan"
"KZ",3287,"UCH-ARAL                                ","+46:10:00","+080:55:59",388,46.1666666666667,80.9330555555556,"46.1666666666667:80.9330555555556","Kazakhstan"
"KZ",3288,"ZHARKENT                                ","+44:10:00","+080:04:00",645,44.1666666666667,80.0666666666667,"44.1666666666667:80.0666666666667","Kazakhstan"
"KZ",3289,"ALMATY                                  ","+43:13:59","+076:55:59",851,43.2330555555556,76.9330555555556,"43.2330555555556:76.9330555555556","Kazakhstan"
"LT",200,"KAUNAS                                  ","+54:52:59","+023:49:59",77,54.8830555555556,23.8330555555556,"54.8830555555556:23.8330555555556","Lithuania"
"LT",201,"KLAIPEDA                                ","+55:43:59","+021:04:00",6,55.7330555555556,21.0666666666667,"55.7330555555556:21.0666666666667","Lithuania"
"LT",202,"VILNIUS                                 ","+54:37:59","+025:06:00",156,54.6330555555556,25.1,"54.6330555555556:25.1","Lithuania"
"LT",1003,"PALANGA                                 ","+56:00:00","+021:06:00",15,56,21.1,"56:21.1","Lithuania"
"LT",1004,"VEJAYCHAY                               ","+55:42:00","+021:30:00",64,55.7,21.5,"55.7:21.5","Lithuania"
"LT",1005,"TELCHAJ                                 ","+55:54:00","+022:18:00",153,55.9,22.3,"55.9:22.3","Lithuania"
"LT",1006,"LAUKUVA                                 ","+55:36:00","+022:12:00",165,55.6,22.2,"55.6:22.2","Lithuania"
"LT",1007,"SIAULIAI                                ","+55:55:59","+023:19:00",106,55.9330555555556,23.3166666666667,"55.9330555555556:23.3166666666667","Lithuania"
"LT",1008,"PANEVEZHIS                              ","+55:43:48","+024:24:00",57,55.73,24.4,"55.73:24.4","Lithuania"
"LT",1009,"BIRZAI                                  ","+56:12:00","+024:46:00",60,56.2,24.7666666666667,"56.2:24.7666666666667","Lithuania"
"LT",1010,"DUKSTAS                                 ","+55:30:00","+026:18:00",164,55.5,26.3,"55.5:26.3","Lithuania"
"LT",1011,"SHILUTE                                 ","+55:24:00","+021:30:00",4,55.4,21.5,"55.4:21.5","Lithuania"
"LT",1012,"NIDA                                    ","+55:18:00","+021:00:00",2,55.3,21,"55.3:21","Lithuania"
"LT",1013,"SOVETSK (TIL-ZIT)                       ","+55:04:48","+021:55:48",37,55.08,21.93,"55.08:21.93","Lithuania"
"LT",1014,"TURAGE                                  ","+55:18:00","+022:18:00",33,55.3,22.3,"55.3:22.3","Lithuania"
"LT",1015,"DOTNUVA                                 ","+55:24:00","+023:54:00",69,55.4,23.9,"55.4:23.9","Lithuania"
"LT",1016,"RACEINAY                                ","+55:24:00","+023:06:00",111,55.4,23.1,"55.4:23.1","Lithuania"
"LT",1017,"UTENA                                   ","+55:30:00","+025:36:00",105,55.5,25.6,"55.5:25.6","Lithuania"
"LT",1018,"UKMARGE                                 ","+55:18:00","+024:48:00",72,55.3,24.8,"55.3:24.8","Lithuania"
"LT",1019,"KIMBARTAY                               ","+54:36:00","+022:48:00",58,54.6,22.8,"54.6:22.8","Lithuania"
"LT",1020,"LAZDIJAI                                ","+54:13:59","+023:31:00",133,54.2330555555556,23.5166666666667,"54.2330555555556:23.5166666666667","Lithuania"
"LT",1021,"VARENA                                  ","+54:18:00","+024:36:00",109,54.3,24.6,"54.3:24.6","Lithuania"
"SI",228,"LJUBLJANA BEZIGRAD                      ","+46:03:56","+014:31:01",299,46.0655555555556,14.5169444444444,"46.0655555555556:14.5169444444444","Slovenia"
"SI",1752,"KREDARICA                               ","+46:22:45","+013:51:14",2514,46.3791666666667,13.8538888888889,"46.3791666666667:13.8538888888889","Slovenia"
"SI",3301,"CRNOMELJ-DOBLICE                        ","+45:36:00","+015:12:00",157,45.6,15.2,"45.6:15.2","Slovenia"
"SI",3311,"KOCEVJE                                 ","+45:36:00","+014:54:00",467,45.6,14.9,"45.6:14.9","Slovenia"
"SI",3312,"LESCE                                   ","+46:24:00","+014:12:00",515,46.4,14.2,"46.4:14.2","Slovenia"
"SI",3316,"TOPOL PRI MEDVODAH                      ","+46:06:00","+014:24:00",660,46.1,14.4,"46.1:14.4","Slovenia"
"SI",3317,"VOJSKO                                  ","+46:00:00","+013:54:00",1067,46,13.9,"46:13.9","Slovenia"
"SI",3322,"NOVA VAS NA BLOKAH                      ","+45:48:00","+014:30:00",722,45.8,14.5,"45.8:14.5","Slovenia"
"SI",3323,"POSTOJNA                                ","+45:48:00","+014:12:00",533,45.8,14.2,"45.8:14.2","Slovenia"
"SI",3325,"VELIKI DOLENCI                          ","+46:48:00","+016:18:00",308,46.8,16.3,"46.8:16.3","Slovenia"
"SI",3326,"BILJE                                   ","+45:54:00","+013:36:00",55,45.9,13.6,"45.9:13.6","Slovenia"
"SI",3328,"NOVO MESTO                              ","+45:48:00","+015:12:00",220,45.8,15.2,"45.8:15.2","Slovenia"
"SI",3329,"SMARTNO PRI SLOVENJ GRADCU              ","+46:30:00","+015:06:00",444,46.5,15.1,"46.5:15.1","Slovenia"
"SI",3330,"BRNIK-LETALISCE                         ","+46:12:00","+014:30:00",364,46.2,14.5,"46.2:14.5","Slovenia"
"SI",3331,"MARIBOR-LETALISCE                       ","+46:30:00","+015:42:00",264,46.5,15.7,"46.5:15.7","Slovenia"
"SI",3332,"PORTOROZ-LETALISCE                      ","+45:30:00","+013:36:00",2,45.5,13.6,"45.5:13.6","Slovenia"
"SI",3333,"CELJE-MEDLOG                            ","+46:12:00","+015:12:00",242,46.2,15.2,"46.2:15.2","Slovenia"
"SI",3334,"LISCA                                   ","+46:06:00","+015:18:00",943,46.1,15.3,"46.1:15.3","Slovenia"
"SI",3335,"MURSKA SOBOTA-RAKICAN                   ","+46:42:00","+016:12:00",188,46.7,16.2,"46.7:16.2","Slovenia"
"SI",3336,"RATECE-PLANICA                          ","+46:30:00","+013:42:00",864,46.5,13.7,"46.5:13.7","Slovenia"
"DZ",278,"ALGER-DAR EL BEIDA                      ","+36:43:00","+003:15:00",24,36.7166666666667,3.25,"36.7166666666667:3.25","Algeria"
"DZ",311,"EL-GOLEA                                ","+30:34:00","+002:52:00",397,30.5666666666667,2.86666666666667,"30.5666666666667:2.86666666666667","Algeria"
"DZ",430,"BISKRA                                  ","+34:51:00","+005:43:12",125,34.85,5.72,"34.85:5.72","Algeria"
"DZ",2286,"BEJAIA-BOUGIE (PORT)                    ","+36:45:00","+005:06:00",9,36.75,5.1,"36.75:5.1","Algeria"
"DZ",2287,"CONSTANTINE                             ","+36:22:11","+006:37:12",660,36.3697222222222,6.62,"36.3697222222222:6.62","Algeria"
"DZ",2288,"TEBESSA                                 ","+35:25:12","+008:07:11",863,35.42,8.11972222222222,"35.42:8.11972222222222","Algeria"
"DZ",4980,"ORAN-HOPITAL MILITAIRE                  ","+35:43:47","-000:39:00",50,35.7297222222222,0.65,"35.7297222222222:0.65","Algeria"
"DZ",7910,"ANNABA-CAP DE GARDE                     ","+36:58:12","+007:47:24",161,36.97,7.79,"36.97:7.79","Algeria"
"DZ",7912,"ALGIERS-VILLE/UNIVERSITE                ","+36:46:48","+003:04:12",59,36.78,3.07,"36.78:3.07","Algeria"
"DZ",7913,"ALGIERS-BOUZAREAH                       ","+36:48:00","+003:01:48",344,36.8,3.03,"36.8:3.03","Algeria"
"DZ",7914,"ALGIERS-CAP CAXINE                      ","+36:48:00","+003:02:24",38,36.8,3.04,"36.8:3.04","Algeria"
"DZ",7915,"TIZI OUZOU                              ","+36:43:12","+004:03:00",222,36.72,4.05,"36.72:4.05","Algeria"
"DZ",7916,"FORT NATIONAL                           ","+36:37:48","+004:12:00",942,36.63,4.2,"36.63:4.2","Algeria"
"DZ",7918,"ORLEANSVILLE (CHLEF)                    ","+36:10:12","+001:20:24",112,36.17,1.34,"36.17:1.34","Algeria"
"DZ",7919,"SETIF                                   ","+36:10:48","+005:24:00",1081,36.18,5.4,"36.18:5.4","Algeria"
"DZ",7920,"ORAN-CAP FALCON                         ","+35:46:12","-000:48:00",78,35.77,0.8,"35.77:0.8","Algeria"
"DZ",7921,"NEMOURS (GHAZAOUET)                     ","+35:06:00","-001:51:00",83,35.1,-0.15,"35.1:-0.15","Algeria"
"DZ",7922,"SIDI-BEL-ABBES                          ","+35:12:00","-000:37:48",476,35.2,0.63,"35.2:0.63","Algeria"
"DZ",7923,"LAGHOUAT                                ","+33:47:59","+002:53:24",767,33.7997222222222,2.89,"33.7997222222222:2.89","Algeria"
"DZ",7924,"GERYVILLE (EL-BAYADH)                   ","+33:40:48","+001:00:00",1320,33.68,1,"33.68:1","Algeria"
"MD",394,"KISINEV                                 ","+47:01:12","+028:52:12",173,47.02,28.87,"47.02:28.87","Moldova (Republic of)"
"MD",1022,"BRATUSHANI                              ","+48:06:00","+027:24:00",168,48.1,27.4,"48.1:27.4","Moldova (Republic of)"
"MD",1023,"SOROKI                                  ","+48:12:00","+028:18:00",173,48.2,28.3,"48.2:28.3","Moldova (Republic of)"
"MD",1024,"KAMENKA                                 ","+48:00:00","+028:42:00",154,48,28.7,"48:28.7","Moldova (Republic of)"
"MD",1025,"FALESTI                                 ","+47:36:00","+027:42:00",162,47.6,27.7,"47.6:27.7","Moldova (Republic of)"
"MD",1026,"BEL-CY                                  ","+47:42:00","+027:54:00",119,47.7,27.9,"47.7:27.9","Moldova (Republic of)"
"MD",1027,"KORNESTY                                ","+47:18:00","+028:00:00",207,47.3,28,"47.3:28","Moldova (Republic of)"
"MD",1028,"BRAVICY                                 ","+47:24:00","+028:30:00",78,47.4,28.5,"47.4:28.5","Moldova (Republic of)"
"MD",1029,"RIBNICA                                 ","+47:48:00","+029:00:00",119,47.8,29,"47.8:29","Moldova (Republic of)"
"MD",1030,"KARPINENI                               ","+46:48:00","+028:24:00",77,46.8,28.4,"46.8:28.4","Moldova (Republic of)"
"MD",1031,"DUBOSSARY                               ","+47:18:00","+029:06:00",42,47.3,29.1,"47.3:29.1","Moldova (Republic of)"
"MD",1032,"BEL-CATA                                ","+47:06:00","+029:00:00",79,47.1,29,"47.1:29","Moldova (Republic of)"
"MD",1033,"TIRASPOL                                ","+46:48:00","+029:42:00",19,46.8,29.7,"46.8:29.7","Moldova (Republic of)"
"MD",1034,"LEOVO                                   ","+46:30:00","+028:18:00",156,46.5,28.3,"46.5:28.3","Moldova (Republic of)"
"MD",1035,"KOMRAT                                  ","+46:18:00","+028:42:00",111,46.3,28.7,"46.3:28.7","Moldova (Republic of)"
"MD",1036,"KAGUL                                   ","+45:48:00","+028:12:00",196,45.8,28.2,"45.8:28.2","Moldova (Republic of)"
"MD",1037,"CADIR-LUNGA                             ","+46:06:00","+028:54:00",180,46.1,28.9,"46.1:28.9","Moldova (Republic of)"
"MD",1038,"OLONESHTI                               ","+46:30:00","+029:54:00",110,46.5,29.9,"46.5:29.9","Moldova (Republic of)"
"PT",211,"BEJA                                    ","+38:01:00","-007:52:00",246,38.0166666666667,-6.13333333333333,"38.0166666666667:-6.13333333333333","Portugal"
"PT",212,"BRAGANCA                                ","+41:48:00","-006:43:59",690,41.8,-5.26694444444444,"41.8:-5.26694444444444","Portugal"
"PT",213,"COIMBRA                                 ","+40:12:00","-008:25:00",141,40.2,-7.58333333333333,"40.2:-7.58333333333333","Portugal"
"PT",214,"LISBOA GEOFISICA                        ","+38:43:00","-009:09:00",77,38.7166666666667,-8.85,"38.7166666666667:-8.85","Portugal"
"PT",215,"PORTO                                   ","+41:07:59","-008:36:00",93,41.1330555555556,-7.4,"41.1330555555556:-7.4","Portugal"
"PT",216,"TAVIRA                                  ","+37:07:00","-007:39:00",25,37.1166666666667,-6.35,"37.1166666666667:-6.35","Portugal"
"PT",290,"EXTREMO                                 ","+41:57:36","-008:28:12",380,41.96,-7.53,"41.96:-7.53","Portugal"
"PT",291,"PONTE DE LIMA                           ","+41:46:12","-008:35:24",15,41.77,-7.41,"41.77:-7.41","Portugal"
"PT",292,"BARCELOS                                ","+41:31:48","-008:37:11",25,41.53,-7.38027777777778,"41.53:-7.38027777777778","Portugal"
"PT",293,"AMARANTE                                ","+41:16:12","-008:04:12",90,41.27,-7.93,"41.27:-7.93","Portugal"
"PT",294,"CAMPI                                   ","+40:40:48","-008:13:12",446,40.68,-7.78,"40.68:-7.78","Portugal"
"PT",295,"AGUIAR DA BEIRA                         ","+40:48:36","-007:32:24",670,40.81,-6.46,"40.81:-6.46","Portugal"
"PT",296,"ALMEIDINHA                              ","+40:36:00","-007:07:48",815,40.6,-6.87,"40.6:-6.87","Portugal"
"PT",297,"GAFANHA DA NAZAR                        ","+40:37:12","-008:42:59",8,40.62,-7.28361111111111,"40.62:-7.28361111111111","Portugal"
"PT",449,"FUNCHAL                                 ","+32:37:48","-016:53:59",25,32.63,-15.1002777777778,"32.63:-15.1002777777778","Portugal"
"PT",2956,"HORTA (AZORES)                          ","+38:31:12","-028:37:48",62,38.52,-27.37,"38.52:-27.37","Portugal"
"DK",106,"HAMMER ODDE FYR                         ","+55:18:00","+014:46:59",11,55.3,14.7830555555556,"55.3:14.7830555555556","Denmark"
"DK",107,"VESTERVIG                               ","+56:46:00","+008:19:00",18,56.7666666666667,8.31666666666667,"56.7666666666667:8.31666666666667","Denmark"
"DK",108,"GRONBAEK-ALLINGSKOVGARD                 ","+56:16:59","+009:37:00",25,56.2830555555556,9.61666666666667,"56.2830555555556:9.61666666666667","Denmark"
"DK",109,"NORDBY (FANO)                           ","+55:27:00","+008:24:00",4,55.45,8.4,"55.45:8.4","Denmark"
"DK",110,"STORE JYNDEVAD                          ","+54:54:00","+009:07:59",16,54.9,9.13305555555556,"54.9:9.13305555555556","Denmark"
"DK",111,"TINGLEV                                 ","+54:55:59","+009:15:00",23,54.9330555555556,9.25,"54.9330555555556:9.25","Denmark"
"DK",112,"BRODERUP                                ","+54:54:00","+009:16:12",23,54.9,9.27,"54.9:9.27","Denmark"
"DK",113,"TRANEBJERG                              ","+55:51:00","+010:36:00",11,55.85,10.6,"55.85:10.6","Denmark"
"DK",114,"KOEBENHAVN - METEOROLOGISK INSTITUT     ","+55:43:00","+012:34:00",8,55.7166666666667,12.5666666666667,"55.7166666666667:12.5666666666667","Denmark"
"DK",115,"KOEBENHAVN: BOTANISK HAVE               ","+55:40:59","+012:34:59",6,55.6830555555556,12.5830555555556,"55.6830555555556:12.5830555555556","Denmark"
"DK",116,"KOEBENHAVN: LANDBOHOJSKOLEN-1           ","+55:40:59","+012:31:59",9,55.6830555555556,12.5330555555556,"55.6830555555556:12.5330555555556","Denmark"
"DK",118,"SANDVIG                                 ","+55:16:59","+014:46:59",13,55.2830555555556,14.7830555555556,"55.2830555555556:14.7830555555556","Denmark"
"DK",302,"TRANEBJERG OST                          ","+55:49:59","+010:36:00",18,55.8330555555556,10.6,"55.8330555555556:10.6","Denmark"
"DK",305,"TRANEBJERG OST-1                        ","+55:49:59","+010:37:00",18,55.8330555555556,10.6166666666667,"55.8330555555556:10.6166666666667","Denmark"
"HR",21,"ZAGREB-GRIC                             ","+45:49:00","+015:58:41",156,45.8166666666667,15.9780555555556,"45.8166666666667:15.9780555555556","Croatia"
"HR",1681,"SPLIT MARJAN                            ","+43:31:00","+016:25:59",122,43.5166666666667,16.4330555555556,"43.5166666666667:16.4330555555556","Croatia"
"HR",1682,"LASTOVO                                 ","+42:46:00","+016:53:58",186,42.7666666666667,16.8994444444444,"42.7666666666667:16.8994444444444","Croatia"
"HR",1683,"RIJEKA                                  ","+45:19:59","+014:27:00",120,45.3330555555556,14.45,"45.3330555555556:14.45","Croatia"
"HR",1684,"GOSPIC                                  ","+44:33:00","+015:22:00",564,44.55,15.3666666666667,"44.55:15.3666666666667","Croatia"
"HR",1685,"OSIJEK                                  ","+45:31:59","+018:37:59",88,45.5330555555556,18.6330555555556,"45.5330555555556:18.6330555555556","Croatia"
"HR",1686,"HVAR                                    ","+43:10:00","+016:27:00",20,43.1666666666667,16.45,"43.1666666666667:16.45","Croatia"
"HR",1687,"ZAVIZAN                                 ","+44:49:00","+014:58:59",1594,44.8166666666667,14.9830555555556,"44.8166666666667:14.9830555555556","Croatia"
"HR",10901,"KNIN                                    ","+44:02:26","+016:12:24",255,44.0405555555556,16.2066666666667,"44.0405555555556:16.2066666666667","Croatia"
"HR",10902,"VARAZDIN                                ","+46:16:58","+016:21:50",167,46.2827777777778,16.3638888888889,"46.2827777777778:16.3638888888889","Croatia"
"HR",10903,"ZADAR                                   ","+44:07:48","+015:12:20",5,44.13,15.2055555555556,"44.13:15.2055555555556","Croatia"
"HR",10962,"OGULIN                                  ","+45:12:14","+015:16:18",326,45.2038888888889,15.2716666666667,"45.2038888888889:15.2716666666667","Croatia"
"HR",10963,"DUBROVNIK                               ","+42:33:36","+018:16:12",165,42.56,18.27,"42.56:18.27","Croatia"
"LY",3767,"WHEELUS                                 ","+32:54:00","+013:16:59",11,32.9,13.2830555555556,"32.9:13.2830555555556","Libya"
"LY",7939,"NALUT                                   ","+31:52:12","+010:58:48",621,31.87,10.98,"31.87:10.98","Libya"
"LY",7940,"ZUARA                                   ","+32:52:48","+012:04:48",3,32.88,12.08,"32.88:12.08","Libya"
"LY",7941,"TRIPOLI AIRPORT                         ","+32:40:12","+013:09:00",81,32.67,13.15,"32.67:13.15","Libya"
"LY",7942,"TRIPOLI SIDI EL MESRI                   ","+32:52:11","+013:13:12",25,32.8697222222222,13.22,"32.8697222222222:13.22","Libya"
"LY",7943,"TRIPOLI CITY                            ","+32:54:00","+013:10:48",25,32.9,13.18,"32.9:13.18","Libya"
"LY",7944,"MISURATA                                ","+32:24:35","+015:03:00",32,32.4097222222222,15.05,"32.4097222222222:15.05","Libya"
"LY",7945,"SIRTE                                   ","+31:12:00","+016:34:47",13,31.2,16.5797222222222,"31.2:16.5797222222222","Libya"
"LY",7946,"BENGHAZI BENINA                         ","+32:04:48","+020:16:12",132,32.08,20.27,"32.08:20.27","Libya"
"LY",7947,"BENGHAZI RAGMA                          ","+32:04:12","+020:04:12",322,32.07,20.07,"32.07:20.07","Libya"
"LY",7948,"AGEDABIA                                ","+30:43:12","+020:10:12",7,30.72,20.17,"30.72:20.17","Libya"
"LY",7949,"SHAHAT                                  ","+32:47:59","+021:52:48",648,32.7997222222222,21.88,"32.7997222222222:21.88","Libya"
"LY",7950,"DERNA                                   ","+32:45:36","+022:39:36",10,32.76,22.66,"32.76:22.66","Libya"
"TN",2165,"BIZERTE KAROUBA                         ","+37:15:00","+009:48:00",5,37.25,9.8,"37.25:9.8","Tunisia"
"TN",2166,"TUNIS-CARTHAGE                          ","+36:49:48","+010:13:48",3,36.83,10.23,"36.83:10.23","Tunisia"
"TN",2167,"KELIBIA                                 ","+36:51:00","+011:04:48",29,36.85,11.08,"36.85:11.08","Tunisia"
"TN",2168,"JENDOUBA                                ","+36:28:48","+008:48:00",143,36.48,8.8,"36.48:8.8","Tunisia"
"TN",2169,"KAIROUAN                                ","+35:40:12","+010:06:00",60,35.67,10.1,"35.67:10.1","Tunisia"
"TN",2172,"SFAX EL-MAOU                            ","+34:43:12","+010:40:48",21,34.72,10.68,"34.72:10.68","Tunisia"
"TN",2173,"TOZEUR                                  ","+33:55:12","+008:06:00",87,33.92,8.1,"33.92:8.1","Tunisia"
"TN",2174,"GABES                                   ","+33:52:48","+010:06:00",4,33.88,10.1,"33.88:10.1","Tunisia"
"TN",2175,"DJERBA MELLITA                          ","+33:52:11","+010:46:12",3,33.8697222222222,10.77,"33.8697222222222:10.77","Tunisia"
"TN",7959,"BIZERTE CAP BLANC                       ","+37:19:48","+009:50:24",264,37.33,9.84,"37.33:9.84","Tunisia"
"TN",7960,"TUNIS                                   ","+36:48:00","+010:10:12",36,36.8,10.17,"36.8:10.17","Tunisia"
"TN",7961,"EL DJEM                                 ","+35:19:48","+010:42:00",112,35.33,10.7,"35.33:10.7","Tunisia"
"LU",203,"LUXEMBOURG AIRPORT                      ","+49:37:48","+006:12:36",376,49.63,6.21,"49.63:6.21","Luxembourg"
"LU",279,"ALTRIER                                 ","+49:44:24","+006:19:12",391,49.74,6.32,"49.74:6.32","Luxembourg"
"LU",280,"ARSDORF                                 ","+49:51:00","+005:52:12",416,49.85,5.87,"49.85:5.87","Luxembourg"
"LU",281,"BELVAUX                                 ","+49:30:36","+005:55:48",340,49.51,5.93,"49.51:5.93","Luxembourg"
"LU",282,"BETTBORN-PRATZ                          ","+49:48:00","+005:56:24",300,49.8,5.94,"49.8:5.94","Luxembourg"
"LU",283,"CALMUS                                  ","+49:43:48","+005:58:12",295,49.73,5.97,"49.73:5.97","Luxembourg"
"LU",284,"CLERVAUX-HAUTBELLAIN                    ","+50:03:00","+006:01:48",465,50.05,6.03,"50.05:6.03","Luxembourg"
"LU",285,"ERMSDORF                                ","+49:49:48","+006:12:36",250,49.83,6.21,"49.83:6.21","Luxembourg"
"LU",286,"KEHMEN-DIEKIRCH                         ","+49:54:00","+006:01:48",488,49.9,6.03,"49.9:6.03","Luxembourg"
"LU",287,"KOERICH                                 ","+49:40:12","+005:57:00",266,49.67,5.95,"49.67:5.95","Luxembourg"
"LU",288,"LORENTZWEILER                           ","+49:42:00","+006:08:24",237,49.7,6.14,"49.7:6.14","Luxembourg"
"MA",2144,"TANGIER AIRPORT                         ","+35:43:47","-005:54:00",19,35.7297222222222,-4.1,"35.7297222222222:-4.1","Morocco"
"MA",2145,"AL HOCEIMA                              ","+35:10:48","-003:51:00",27,35.18,-2.15,"35.18:-2.15","Morocco"
"MA",2146,"OUJDA                                   ","+34:46:48","-001:55:48",468,34.78,-0.07,"34.78:-0.07","Morocco"
"MA",2153,"NOUASSEUR                               ","+33:22:11","-007:34:48",200,33.3697222222222,-6.42,"33.3697222222222:-6.42","Morocco"
"MA",2156,"MIDELT                                  ","+32:40:48","-004:43:48",1508,32.68,-3.27,"32.68:-3.27","Morocco"
"MA",2160,"OUARZAZATE                              ","+30:55:48","-006:54:00",1139,30.93,-5.1,"30.93:-5.1","Morocco"
"MA",3768,"PORT LYAUTEY                            ","+34:17:58","-006:36:00",12,34.2994444444444,-5.4,"34.2994444444444:-5.4","Morocco"
"MA",3769,"SIDI SLIMANE                            ","+34:13:59","-006:04:00",55,34.2330555555556,-5.93333333333333,"34.2330555555556:-5.93333333333333","Morocco"
"MA",3772,"BEN GUERIR                              ","+32:07:00","-007:52:59",448,32.1166666666667,-6.11694444444444,"32.1166666666667:-6.11694444444444","Morocco"
"MA",7951,"TANGIER CITY                            ","+35:46:48","-005:49:12",86,35.78,-4.18,"35.78:-4.18","Morocco"
"MA",7952,"TETUAN                                  ","+35:34:48","-005:19:48",10,35.58,-4.67,"35.58:-4.67","Morocco"
"EG",314,"MERSA MATRUH                            ","+31:19:59","+027:13:00",25,31.3330555555556,27.2166666666667,"31.3330555555556:27.2166666666667","Egypt"
"EG",316,"SIWA                                    ","+29:12:00","+025:19:00",-15,29.2,25.3166666666667,"29.2:25.3166666666667","Egypt"
"EG",7925,"SALLOUM                                 ","+31:33:00","+025:10:48",4,31.55,25.18,"31.55:25.18","Egypt"
"EG",7926,"PORT SAID                               ","+31:16:48","+032:13:47",6,31.28,32.2297222222222,"31.28:32.2297222222222","Egypt"
"EG",7927,"CAIRO ABBASSIA                          ","+30:04:48","+031:17:24",30,30.08,31.29,"30.08:31.29","Egypt"
"EG",7928,"CAIRO EZBEKIYA                          ","+30:03:00","+031:15:00",20,30.05,31.25,"30.05:31.25","Egypt"
"EG",7929,"GIZA (CAIRO)                            ","+30:01:48","+031:12:36",28,30.03,31.21,"30.03:31.21","Egypt"
"EG",7930,"HELWAN (CAIRO)                          ","+29:51:36","+031:20:24",116,29.86,31.34,"29.86:31.34","Egypt"
"EG",7931,"ISMAILIA                                ","+30:36:00","+032:13:47",10,30.6,32.2297222222222,"30.6:32.2297222222222","Egypt"
"EG",7932,"EL SUEZ                                 ","+29:55:48","+032:32:59",10,29.93,32.5497222222222,"29.93:32.5497222222222","Egypt"
